{
  "alpha": 0.8286128223221888,
  "beta": 0.13487556255213334,
  "gamma": 0.03651161512567771,
  "rewards": [
    -1.0,
    -1.0,
    1.0,
    -1.0,
    -1.0,
    0
  ],
  "weights_history": [
    [
      0.6,
      0.2,
      0.2
    ],
    [
      0.7378258730939499,
      0.13305459911460898,
      0.12911952779144126
    ],
    [
      0.9096551902576729,
      0.048279321560844746,
      0.04206548818148236
    ],
    [
      0.9135456366102133,
      0.046200307713727025,
      0.04025405567605967
    ],
    [
      0.8700434634382983,
      0.09161934067974004,
      0.03833719588196159
    ],
    [
      0.828612822322189,
      0.13487556255213337,
      0.036511615125677715
    ],
    [
      0.8286128223221888,
      0.13487556255213334,
      0.03651161512567771
    ]
  ]
}